Organization Name,Categories
Apple,"Consumer Electronics, Electronics, Hardware, Retail"
Lyft,"Mobile Apps, Peer to Peer, Ride Sharing, Transportation"
SpaceX,"Aerospace, Space Travel, Transportation"
WeWork,"Collaboration, Coworking, Hospitality, Property Development"
Massachusetts Institute of Technology,"Education, Higher Education, Market Research, Universities"
Nvidia,"GPU, Hardware, Software, Virtualization"
Dropbox,"Collaboration, Enterprise Software, File Sharing, Private Cloud, Web Hosting"
Kickstarter,"Crowdfunding, Crowdsourcing, Finance, FinTech, Funding Platform"
Stripe,"Credit Cards, Developer APIs, Internet, Payments, SaaS, Software"
DoorDash,"Delivery, Food Delivery, Local, Logistics, Mobile, Small and Medium Businesses"
Reddit,"Content, News, Social Bookmarking, Social Media, Social Network"
Toutiao,"Analytics, Big Data, Data Mining, Internet, Machine Learning, Social Network"
Robinhood,"Finance, Financial Services, FinTech, Mobile, Personal Finance"
Siemens AG,"Consumer Electronics, Electrical Distribution, Energy Efficiency, Health Care, Manufacturing"
LinkedIn,"Professional Networking, Professional Services, Social Media, Social Recruiting"
Zscaler,"Cloud Security, Cyber Security, Enterprise Software, Security"
Ring,"Consumer Electronics, Security, Smart Home"
Theranos,"Biotechnology, Consumer, Health Care, Health Diagnostics"
Nutanix,"Data Center, Enterprise Software, Virtualization"
OurCrowd,"Angel Investment, Crowdfunding, Funding Platform, Impact Investing, Venture Capital"
Airtel,"Mobile, Public Relations, Telecommunications"
ecobee,"Consumer Electronics, Energy Management, Internet of Things"
SoFi,"Education, Finance, Financial Services, FinTech, Life Insurance, Personal Finance, Wealth Management"
Mayo Clinic,"Biotechnology, Health Care, Medical, Non Profit"
Rent the Runway,"Consumer Goods, E-Commerce, Fashion, Retail"
Deliveroo,"Delivery, Food and Beverage, Marketing, Restaurants, Same Day Delivery"
Uber,"Mobile Apps, Public Transportation, Ride Sharing, Transportation"
Square,"Finance, FinTech, Hardware, Mobile, Mobile Payments, Payments, Software"
Grab,"Internet, Mobile, Ride Sharing, Transportation, Travel"
Swiggy,"Food Delivery, Food Processing, Internet"
Airtable,"Database, Mobile, Mobile Apps, Software"
Outdoor Voices,"E-Commerce, Fitness, Retail"
Virginia Tech,"EdTech, Education, Higher Education, Information Technology"
Circle,"Banking, Finance, Financial Services, FinTech, Payments, Personal Finance"
Boston Scientific,"Health Care, Manufacturing, Medical"
General Electric ,"Electronics, Energy, Finance, FinTech, Manufacturing"
Mighty,"FinTech, Legal, SaaS"
Merck & Co,"Biotechnology, Health Care, Medical"
23andMe,"Biotechnology, Consumer, Genetics"
Ericsson,"Internet of Things, Mobile, Public Relations, Telecommunications"
Wecash,"Big Data, Finance, Financial Services, FinTech"
Super League Gaming,"eSports, Video Games"
Q4,"Business Intelligence, Mobile, Social Media, Stock Exchanges"
Lenovo,"Computer, Electronics, Hardware, Manufacturing, Mobile"
Cloudian,"Cloud Infrastructure, Data Storage, Software"
Flatiron Health,"Cloud Computing, Health Care, Software"
HQTrivia,"Apps, Gaming, iOS"
Bitmain,"Bitcoin, Electronics, Manufacturing"
SoundCloud,"Apps, Independent Music, Music"
Alibaba,"B2B, E-Commerce, Internet, Marketplace, Shopping"
Taboola,"Advertising, Content, Content Discovery, Video"
HubSpot,"Analytics, Information Technology, Marketing, Social Media"
Sonos,"Consumer Electronics, Hardware, iOS, Music, Software, Wireless"
Moovit,"Crowdsourcing, Navigation, Public Transportation, Transportation"
Xiaomi,"Consumer Electronics, Internet, Mobile"
Tesla,"Automotive, Electronics, Innovation Management"
Toys R Us,"Consumer Goods, E-Commerce, Retail, Toys"
Kakao,"Apps, Information Services, Information Technology, Internet, Messaging, Mobile, Software"
Ripple,"Blockchain, Cryptocurrency, Financial Services, FinTech, Internet, Payments"
Zomato,"Food Delivery, Hospitality, Reservations, Restaurants, Search Engine"
Atlassian,"Collaboration, Developer Tools, Enterprise Software"
Novartis,Biotechnology
Postmates,"Delivery, Food Delivery, Logistics, Same Day Delivery, Transportation"
Kensho,"Analytics, Cloud Data Services, Machine Learning, Software"
Wealthsimple,"Finance, Financial Services, Impact Investing"
Groupon,"Advertising, Internet, Retail, Social Media"
GrubHub,"Food Delivery, Hospitality, Restaurants"
HNA Group,"Aerospace, Finance, Travel"
Bank of Ireland,Banking
Collective Health,"Business Intelligence, Health Care, Information Technology, SaaS"
Bugcrowd,"Crowdsourcing, Cyber Security, Penetration Testing, Security"
Urban Ladder,"E-Commerce, E-Commerce Platforms, Furniture, Home Decor, Internet"
TripActions,"Business Travel, Computer, Software, Travel"
Atom Tickets,"Android, Apps, iOS"
Farfetch,"E-Commerce, Fashion, Internet"
Netflix,"Consumer Electronics, Digital Entertainment, Media and Entertainment, Video, Video Streaming"
Dollar Shave Club,"E-Commerce, Internet, Retail"
Palo Alto Networks,"Cyber Security, Network Security, Security"
Skyroam,"Internet, Mobile, Wireless"
Houzz,"Architecture, Home Improvement, Home Renovation, Interior Design"
Cloudflare,"Ad Server, Advertising, Analytics, Enterprise Software, Security, Web Hosting"
GoPro,"3D Technology, Consumer Electronics, Hardware, Photography, Software, Video, Wearables"
Ant Financial,"Banking, E-Commerce, Financial Services, FinTech, Payments, Wealth Management"
JD Finance,"B2C, Internet, Retail"
Flipkart,"E-Commerce, Fashion, Lifestyle, Retail, Shopping"
Shopify,"Analytics, Big Data, Developer Tools, E-Commerce, Enterprise Software, Mobile, SaaS, Web Development"
IHS Markit ,"Analytics, Business Intelligence, Finance, Financial Services, FinTech, Information Services, Information Technology, Management Information Systems"
solarisBank AG,"Banking, Financial Services, Information Technology"
Mobike,"Cycling, Mobile Apps, Public Transportation, Ride Sharing, Transportation, Travel"
Skydio,"Aerospace, Drones, Mobile, Navigation, Robotics, Sensor"
Blockchain,"Bitcoin, Blockchain, Finance, FinTech, Web Development"
Penny,"Finance, Financial Services, Mobile"
BioCatch,"Cyber Security, FinTech, Fraud Detection, Network Security"
BuzzFeed,"Blogging Platforms, Digital Entertainment, Internet, Journalism, News, Social, Social News, Video"
Giosis,"Brand Marketing, E-Commerce, Marketplace"
Alibaba Group,"Association, Information Technology, Infrastructure"
App Annie,"Analytics, Big Data, Mobile"
Qualtrics,"Consumer, Market Research, SaaS"
NestAway,"Apps, Consumer, Internet, Marketplace, Real Estate, Rental Property"
Skype,"Mobile, Software, Telecommunications, Video Chat"
GOAT,"E-Commerce, Fashion, Marketplace, Mobile"
Razer,"Consumer Electronics, Gaming, iOS, Product Design"
Symantec,"Computer, Cyber Security, Information Technology, Security"
Index,"Enterprise Software, Personalization, Retail, Retail Technology"
Glassdoor,"Career Planning, Employment, Recruiting, Social Media"
"Alteryx, Inc.","Analytics, Business Intelligence, Data Integration, Machine Learning, Predictive Analytics"
Family Pet,"Knowledge Management, Pet, Service Industry"
Industrious,"Communities, Construction, Coworking, Hospitality, Interior Design, Internet"
Atomwise,"Health Care, Machine Learning, Medical"
BigBasket,"Delivery Service, E-Commerce, Retail, Shopping"
Visa,"Financial Services, Internet, Payments"
WHOOP,"Fitness, Industrial, Sports, Wellness"
NigerianNation,"E-Commerce, Marketplace, Real Estate, Shopping"
Juno Therapeutics,"Biotechnology, Health Care, Therapeutics, Wellness"
Airbnb,"Hospitality, Marketplace, Sharing Economy, Travel, Travel Accommodations"
Verizon Communications,"Communications Infrastructure, Information Technology, Mobile, Telecommunications"
Thread,"E-Commerce, Fashion, Internet, Machine Learning"
The Infatuation,"Apps, Digital Media, Mobile, Restaurants"
Grove Collaborative,"Consumer Goods, E-Commerce, Internet, Retail, Sustainability"
Vice Media,"News, Publishing, Video, Video Streaming"
Helix,"Big Data, Biotechnology, Genetics, Health Care, Personal Health, Wellness"
Yes Bank,"Banking, Finance, Wealth Management"
HackerRank,"Employment, Recruiting, Skill Assessment"
Magic Leap,"Augmented Reality, Consumer Electronics, Software, Video, Wearables"
Centene Corporation,"Enterprise, Health Care, Hospital"
Uphold,"Android, Apps, Cryptocurrency, Financial Services, FinTech, iOS, Mobile Payments, Payments, Transaction Processing"
Stitch Fix,"E-Commerce, Fashion, Retail"
The Skimm,"Fashion, News, Publishing"
SparkCognition,"Analytics, Cyber Security, Machine Learning, Software"
CenturyLink,"Big Data, Telecommunications, VoIP"
Next Issue Media,"Digital Media, News, Publishing"
RapidAPI,"Apps, Cloud Computing, Real Time"
Gousto,"E-Commerce, Food and Beverage, Food Processing, Web Apps"
Idea Cellular,"Mobile Devices, Telecommunications, Wireless"
General Motors,"Automotive, Enterprise Software, Manufacturing, Transportation"
Impossible Foods,"Food and Beverage, Food Processing, Nutrition"
Redfin,"Internet, Property Management, Real Estate"
Virgin Hyperloop One,"Industrial Engineering, Manufacturing, Transportation, Travel"
Facebook,"Social, Social Media, Social Network"
Splunk,"Information Technology, Intelligent Systems, Software"
Siri,"Consumer Electronics, iOS, Software, Virtualization"
Final,"Billing, Credit Cards, FinTech, Fraud Detection, Mobile Payments, Payments, Personal Finance, Security"
Algolia,"Big Data, Cloud Computing, Enterprise Software, SaaS, Search Engine, Software"
MobiKwik,"Internet, Mobile, Mobile Payments, Payments, Telecommunications"
Cofense,"Cyber Security, Enterprise Software, Security"
Coursera,"EdTech, Education, Enterprise, Internet"
OpenText Corporation,"Information Services, Information Technology, Software"
AutoGravity,"Automotive, Finance, Mobile"
"Moogsoft, Inc.","Analytics, Enterprise Software, IT Infrastructure, IT Management, Machine Learning"
FourKites,"Enterprise Software, Logistics, Supply Chain Management"
Xerox,"Hardware, Information Technology, Software"
FireEye,"Internet, Network Security, Security, Web Development"
Vectra Networks,"Cyber Security, Network Security, Security"
Zillow,"Marketplace, Online Portals, Real Estate"
Cloudera,"Analytics, Big Data, Cloud Computing, Cloud Data Services, Cloud Infrastructure, Cloud Management, Enterprise Software, Machine Learning, Open Source"
LiveRamp,"Advertising, Advertising Platforms, Brand Marketing, Data Integration"
Complex,"Lifestyle, Printing, Publishing"
Duolingo,"E-Learning, Education, Internet, Language Learning"
SIGFOX,"Internet of Things, Telecommunications, Wireless"
ServiceNow,"Cloud Management, Enterprise Applications, Enterprise Software, IT Management, PaaS, SaaS"
Brazil Plus,Financial Services
eMarketer,"Advertising, Business Intelligence, E-Commerce, Market Research, Mobile, Social Media"
Funding Circle,"Finance, Financial Services, FinTech, Personal Finance"
Acorns,"Apps, Finance, Financial Services, FinTech, Mobile, Wealth Management"
Alta Motors,"Automotive, Electric Vehicle, Manufacturing"
Grabr,"Delivery, E-Commerce, Peer to Peer, Travel"
RedDoorz,"Business Travel, Hospitality, Travel Accommodations, Travel Agency"
Tesco,"Food and Beverage, Food Delivery, Shopping"
Zum,"Apps, Child Care, Children, Family, Mobile, Mobile Apps, Parenting, Ride Sharing, Transportation"
Zendesk,"Customer Service, Enterprise Software, SaaS"
Singapore Post,"E-Commerce, Freight Service, Logistics, Retail, Supply Chain Management"
Lockheed Martin,"Cyber Security, National Security, Security"
Coinbase,"Bitcoin, Blockchain, Cryptocurrency, E-Commerce, Ethereum, FinTech, Personal Finance, Virtual Currency"
Miso Robotics,"Artificial Intelligence, Consumer Electronics, Food and Beverage, Industrial Automation, Robotics, Smart Home"
Yelp,"Apps, Customer Service, Internet, Mobile, Search Engine"
Marvel,"Apps, Cloud Storage, Mobile, Photography, Sales"
Genesys,"Business Intelligence, Cloud Infrastructure, Contact Management, CRM, Customer Service, Software, Text Analytics"
Just Eat,"E-Commerce, Food and Beverage, Food Delivery, Internet"
Practice,"Corporate Training, E-Learning, EdTech, Education, Human Resources, Management Consulting, SaaS, Skill Assessment"
NPR,"Broadcasting, Digital Media, News"
Capillary Technologies,"Analytics, Enterprise Software, Retail"
Arcus Biosciences,"Biotechnology, Health Care, Medical"
Greenlight Financial Technology,"Debit Cards, Mobile Apps, Mobile Payments, Payments"
Truecaller,"Apps, Contact Management, Search Engine"
IFTTT,"Information Services, Information Technology, Internet"
comScore,"Consumer, Test and Measurement"
Kahoot!,"B2B, EdTech, Education, Gaming, Internet, Mobile, Software"
Airspace Systems Inc.,"Artificial Intelligence, Computer Vision, Drones, Machine Learning, Robotics"
Tronc,"Digital Media, Journalism, Publishing"
HomeAway,"Advertising, Tourism, Travel"
Hubble Contacts,"Consumer Goods, E-Commerce, Eyewear"
AppNexus,"Advertising, Internet, Service Industry"
Degreed,"Corporate Training, EdTech, Education, Internet, SaaS"
Crunchbase,"Analytics, Big Data, Business Intelligence, Communities, Venture Capital"
UJET,"Communications Infrastructure, Customer Service, Developer Platform, Enterprise Software, Marketing, Software"
iHeartMedia,"Advertising Platforms, Broadcasting, Outdoor Advertising"
Snowflake Computing,"Analytics, Cloud Data Services, SaaS"
Pinterest,"Social Bookmarking, Social Media, Travel"
TurnKey Vacation Rentals,"Leisure, Tourism, Travel, Vacation Rental"
MINDBODY,"Computer, Innovation Management, Marketing"
Infor,"Enterprise Software, Information Technology, Software"
CyberX,"Cyber Security, Industrial, Network Security, Security"
Malwarebytes,"Computer, Enterprise Software, Security, Software"
Amazon,"Crowdsourcing, Delivery, E-Commerce, Internet, Retail, Software"
Equifax,"Banking, Consulting, Finance"
PharmEasy,Health Care
Womply,"Analytics, Big Data, Business Intelligence, Credit Cards, CRM, Payments, Small and Medium Businesses"
Marketo,"Ad Targeting, Analytics, Brand Marketing, Enterprise Software, Lead Management, Marketing Automation"
Blue Vision Labs,"Augmented Reality, Information Technology, Robotics"
Trulia,"Internet, Mobile Apps, Real Estate, Rental"
Car2Go,"Car Sharing, Transportation, Travel, Travel Agency"
CloudCraze LLC,"B2B, Cloud Infrastructure, CRM, E-Commerce, Information Technology, SaaS"
Zuora,"Billing, Internet, SaaS, Subscription Service"
Hyperloop Transportation Technologies,"Public Transportation, Transportation, Travel"
Upwork,"Enterprise Software, Freelance, Marketplace"
Canva,"Graphic Design, Photo Editing, Web Apps, Web Design"
Fishbrain,"Analytics, Big Data, Leisure, Social Media, Social Network, Sports"
90 Seconds,"Brand Marketing, Marketplace, Video"
BLADE,"Aerospace, Crowdsourcing, Travel"
OneWeb,"Aerospace, Database, Internet, Satellite Communication"
Spaceflight Industries,"Aerospace, Apps, Service Industry"
Oscar Health,"Health Care, Information Technology, Insurance"
MuleSoft,"Apps, Developer APIs, Enterprise Software, FinTech"
News Corp.,"Education, Information Services, Internet, News, Publishing"
Kiddom,"E-Learning, EdTech, Education"
Vettery,"Internet, Recruiting, Software"
Goop Inc.,"Beauty, Content, E-Commerce, Fashion, Health Care, Travel, Wellness"
Wefarm,"Agriculture, AgTech, Crowdsourcing, Internet"
LeEco,"Consumer Electronics, Internet, Video"
Medesk,"Health Care, Information Technology, mHealth"
Everything But The House (EBTH),"E-Commerce, Internet, Online Auctions, Real Estate"
Mad Paws,"Internet, Marketplace, Pet"
Via,"Mobile Apps, Real Time, Ride Sharing, Transportation, Travel"
Reflektive,"Analytics, Human Resources, SaaS"
Furlenco,"Consumer, Furniture, Home Decor, Home Improvement"
KKR & Co. (Kohlberg Kravis Roberts & Co.),"Finance, Financial Services, Venture Capital"
Starsky Robotics,"Autonomous Vehicles, Robotics, Transportation"
Grow,"Analytics, Business Intelligence, SaaS, Software"
Sun Basket,"Cooking, Delivery, E-Commerce, Organic Food"
Beyond Meat,"Food and Beverage, Food Processing, Health Care"
Kabbage,"Credit, Finance, FinTech, Lending"
KIXEYE,"Developer Platform, PC Games, Video Games"
Snyk,"Developer Tools, Network Security, Security"
Atom Bank,"Banking, FinTech, Mobile Apps"
Fitbit,"Cloud Computing, Fitness, Health Care, Personal Health, Wearables"
DataVisor,"Analytics, Big Data, Cyber Security, Fraud Detection"
Indigo Fair,"E-Commerce, Marketplace, Retail, Retail Technology"
Lendingkart,"Financial Services, FinTech"
eBay,"Auctions, E-Commerce, Search Engine"
500px,"Apps, Communities, Content, Internet, Marketplace, Photography"
Carsome,"Automotive, E-Commerce Platforms, Shopping"
Tandem,"Banking, Finance, Financial Services, FinTech"
Cognizant Technology Solutions,"Consulting, Industrial Automation, Software"
Douyu TV,"Media and Entertainment, Online Games, Video Games"
Streetbees,
Macquarie Group,"Banking, Finance, Financial Services"
Evident.io,"Cloud Security, Developer Tools, Security"
CyberArk Software,"Cloud Security, Cyber Security, Security"
Cushman & Wakefield,"Commercial Real Estate, Industrial, Legal, Real Estate"
HackerOne,"Computer, Internet, Network Security"
Celularity,"Biotechnology, Health Care, Wellness"
Eurazeo,"Finance, Financial Services, FinTech"
Looker,"Analytics, Business Intelligence, Data Visualization, Enterprise Software"
Instagram,"Mobile, Photo Sharing, Photography, Social Media"
OrCam Technologies,"Fitness, Health Care, Medical Device, Wearables"
Lending Club,"Consumer Lending, Credit, Finance, FinTech, Lending, Personal Finance"
Zynga,"Gaming, Mobile, PC Games"
Fiverr.com,"Collaborative Consumption, Outsourcing, Task Management"
Wish,"Computer, Content Discovery, E-Commerce, Machine Learning, Mobile, Software"
Meituan.com,"Consumer, E-Commerce, Group Buying, Internet"
Tencent Holdings,"Advertising, Internet, Mobile, Online Games, Social Media Marketing"
JW Player,"Advertising, Publishing, Software, Video, Video Streaming, Web Development"
The Athletic,"Journalism, News, Sports"
Hootsuite,"Advertising, Apps, Brand Marketing, Messaging, Social Media"
SendGrid,"Analytics, Business Information Systems, Email, Software"
Fair,"Automotive, Financial Services, FinTech"
OYO,"Hospitality, Hotel, Leisure, Travel"
Phantom,"Cyber Security, Network Security, Security"
Quizlet,"EdTech, Education, Internet, Knowledge Management"
Monaco Technology GmbH,"Bitcoin, Blockchain, Cryptocurrency, Ethereum, Financial Services, Information Technology"
Citymapper,"Apps, Internet, Transportation, Travel"
iQiyi,"Content, Photography, TV"
PointClickCare,"Elder Care, Enterprise Software, SaaS, Web Browsers"
Starcity,"Hospitality, Real Estate, Software"
Criteo,"Advertising, E-Commerce, Internet, Marketing"
Workday,"Enterprise Software, Finance, FinTech, Human Resources, SaaS, Web Development"
Honeywell International,"Electronics, Information Technology, Innovation Management, Manufacturing, Software"
Mitsubishi Motors,Automotive
PhonePe,"Internet, Mobile Payments"
May Mobility,"Automotive, Autonomous Vehicles, Transportation, Travel"
The Boeing Company,"Aerospace, Manufacturing, National Security, Transportation"
FirstEnergy Corp.,"Clean Energy, Energy, Energy Efficiency"
IdentityMind Global,"Analytics, Compliance, FinTech, Fraud Detection, Identity Management, Risk Management"
eToro,"Finance, Financial Services, FinTech, Trading Platform"
PrecisionHawk,"Aerospace, Artificial Intelligence, Autonomous Vehicles, Robotics"
Shazam,"Android, Ediscovery, iOS, Music"
Memorial Sloan - Kettering Cancer Center,"Health Care, Hospital, Life Science"
Carbon Black,"Cloud Computing, Homeland Security, Physical Security, Security"
Venmo,"Finance, Mobile, Payments"
Anheuser-Busch InBev,Hospitality
Ele.me,"E-Commerce, Food Delivery, Service Industry"
BBOXX,"Manufacturing, Product Design, Solar"
Ford Motor Company,"Automotive, Manufacturing, Transportation"
Clarifai,"Artificial Intelligence, Computer Vision, Developer APIs, Enterprise, Image Recognition, Machine Learning, Software, Visual Search"
SmartThings,"Automotive, Enterprise Software, Hardware, Internet, Internet of Things, Mobile, Open Source, Small and Medium Businesses, Smart Home"
Blend,"Enterprise, Financial Services, FinTech, Home Services"
Directly,"Artificial Intelligence, Customer Service, Machine Learning, Marketplace"
Qihoo 360 Technology,"Internet, Mobile"
Cardlytics,"Advertising, Banking, Financial Services, Mobile"
Lazada Group,"E-Commerce, Fashion, Internet"
AccorHotels,"Hospitality, Location Based Services, Tourism, Travel"
BrewDog,"Brewing, Hospitality, Service Industry, Wine And Spirits"
17zuoye,"Education, Internet, Language Learning"
Equinix,"Cloud Data Services, Data Center, Infrastructure, Internet, Web Hosting"
Astranis,"Aerospace, Internet, Telecommunications"
Magento Commerce,"Cloud Computing, E-Commerce, Enterprise Software, Internet, Open Source"
Goldman Sachs,"Banking, Finance, Financial Services, Security, Venture Capital"
Split Software,"Apps, Developer Tools, SaaS, Software"
Fortem Technologies,"Aerospace, Air Transportation, Autonomous Vehicles, Mechanical Engineering"
BlackBerry,"Embedded Systems, Hardware, Mobile, Telecommunications, Wireless"
Wochit,"News, Software, Video"
Ucommune,"Business Development, Coworking, Virtual Workforce"
KnowBe4,"Computer, Network Security, Security, Software"
Humatics,"Collaboration, Manufacturing, Robotics"
Carbonite,"Enterprise Software, SaaS, Web Hosting"
Overstock.com,"Retail, Retail Technology"
Flexport,"Logistics, SaaS, Shipping, Supply Chain Management"
Dish Network,"Audio, Consumer Electronics, Telecommunications"
Rubius Therapeutics,"Biotechnology, Health Care, Therapeutics"
Airtasker,"Apps, E-Commerce, Internet, Mobile, Web Development"
Udacity,"E-Learning, EdTech, Education, Internet"
Triplebyte,"Human Resources, Internet, Recruiting, Software"
Nintex,"Cloud Data Services, Information Technology, Software"
Recorded Future,"Analytics, Cyber Security, Machine Learning, Real Time, SaaS"
IDEAYA Biosciences,"App Discovery, Biotechnology, Health Care"
SeamlessDocs,"Cloud Storage, Enterprise Software, Government, GovTech, Information Technology"
BitPesa,"Financial Services, Payments"
Peakon,"Analytics, Human Resources, Software"
Honcker,"Automotive, Car Sharing, Marketplace"
Blippar,"Advertising, Artificial Intelligence, Augmented Reality, Computer Vision, Education, Image Recognition, Mobile, Wearables"
Wealthfront,"Finance, Financial Services, FinTech, Personal Finance, Stock Exchanges, Wealth Management"
StatusToday,"Artificial Intelligence, Human Resources, Intellectual Property, Productivity Tools, Psychology"
LevelUp,"CRM, Food and Beverage, Hospitality, Loyalty Programs, Mobile, Payments, Restaurants"
Trustpilot,"Consumer Reviews, Internet, Reputation"
Cylance,"Artificial Intelligence, Computer, Cyber Security, Enterprise Software, Machine Learning, Network Security, Penetration Testing, Security"
Rovio Entertainment,"Digital Entertainment, Gaming, Mobile Apps"
Tongal,"Advertising, Crowdsourcing"
EQT,"Business Development, Finance, Financial Services, Internet, Venture Capital"
Alpha,"Enterprise Software, Information Technology, Product Management, Software"
BitPay,"Bitcoin, Finance, Payments, Peer to Peer"
HighRadius,Software
D-Wave Systems,"Electronics, Manufacturing, Semiconductor"
HealthCare.com,"Digital Entertainment, Digital Media, Health Care, Internet, Medical"
BAE Systems,"Aerospace, Manufacturing, National Security, Navigation"
Duo Security,"Cloud Security, Computer, Cyber Security, Enterprise Software, Network Security"
Jive Communications,"Telecommunications, Video, VoIP"
Behalf,"B2B, Finance, FinTech, Internet of Things, Payments"
AppDynamics,"Business Intelligence, Information Services, Information Technology"
LiveEdu.tv,"Artificial Intelligence, Augmented Reality, Cyber Security, Education, Software Engineering, Training, Video, Video Streaming, Virtual Reality"
Vivino,"Android, Communities, Food and Beverage, Image Recognition, iOS, Marketplace, Mobile, Wine And Spirits"
Icertis,"Cloud Data Services, CRM, Enterprise Software, Procurement, SaaS"
HCL Technologies,"Aerospace, Consumer Electronics, ICT, IT Management, Media and Entertainment, Outsourcing, Software, Telecommunications"
Puls,"Android, Consumer Electronics, iOS"
Gaana,"Music, Music Streaming, Online Portals"
Cybereason,"Computer, Cyber Security, Enterprise Software, Intrusion Detection, Network Security, Real Time"
Pandora,"Advertising, Broadcasting, Internet, Internet Radio, Music, Navigation, Software, Technical Support, Video Streaming"
Motorola Solutions,"Communications Infrastructure, Cyber Security, Electronics, Information Technology, Mobile, Public Safety"
DoubleDutch,"Enterprise Software, Event Management, Events, Marketing Automation, Mobile"
Jam City,"Digital Entertainment, Gaming, Mobile, Mobile Apps, Online Games, Social Media"
BigCommerce,"Business Development, E-Commerce, Enterprise Software, Retail, SaaS, Software"
The Walt Disney Company,"Animation, Broadcasting, Media and Entertainment, Video"
Daimler,"Automotive, Autonomous Vehicles, Financial Services, Manufacturing"
ENGAGE,"Artificial Intelligence, Predictive Analytics, Recruiting, Software"
Binance,"Bitcoin, Cryptocurrency, Ethereum, Finance, FinTech, Internet"
MoneyOnMobile,"E-Commerce, Financial Services, Mobile, Mobile Payments"
LendInvest,"Finance, Real Estate"
Pure Storage,"Cloud Computing, Data Storage, Enterprise Software"
Lufax,"Finance, Financial Services, Internet, Wealth Management"
Magazino,"Industrial Automation, Manufacturing, Robotics"
HSBC,"Banking, Insurance, Retail, Security"
Banjo,"Apps, Artificial Intelligence, Content, Internet, Location Based Services, Machine Learning, Mobile, Real Time, Search Engine, Social Media"
Pine Labs,"Information Technology, Payments"
One97 Communication,"Internet, Mobile Advertising, Mobile Payments"
HubHaus,"Real Estate, Rental, Rental Property"
Sea Limited,"Content Creators, E-Commerce, Messaging, Mobile, Payments"
CloudBees,"Cloud Computing, Enterprise Software, Software"
Twitch,"Social Media, Video, Video Games, Video Streaming"
Yoox Net-a-Porter Group,"Fashion, Lifestyle, Retail"
Amazon Pay (India),
IP Group Plc,"Analytics, Financial Services, Intellectual Property, Venture Capital"
TickX,"Events, Price Comparison, Ticketing"
Conductor,"Content Marketing, Digital Media, SaaS, Search Engine, SEO"
Juicero,"Food and Beverage, Nutrition, Organic Food"
Namely,"Enterprise Software, Human Resources, Management Information Systems, Software"
Sina Weibo,"Blogging Platforms, Computer, Software"
CircleUp,"Finance, Funding Platform, Venture Capital"
oBike,"Recreation, Transportation, Travel"
Rocket Lab,"Aerospace, Electronics, Industrial Manufacturing"
LOLA,"Consumer, Shopping, Women's"
Yext,"Cloud Data Services, Internet, Local, Mobile, SaaS, Software"
Odyssey,"Journalism, News, Social Media"
FanDuel,"Fantasy Sports, Gaming, Sports"
"HouseCanary, Inc.","Analytics, Big Data, Predictive Analytics, Real Estate"
Megvii,"Cloud Computing, Facial Recognition, Gaming, Mobile"
Hotelogix,"Enterprise Software, Hospitality, SaaS"
Magicpin,"E-Commerce, E-Commerce Platforms, Retail"
SolarCity,"Construction, Energy Efficiency, Renewable Energy, Solar"
Infarm,"Agriculture, AgTech, Farmers Market, Farming"
Klarna,"Banking, E-Commerce, Finance, Financial Services, FinTech, Payments"
Radiology Partners,Health Care
Coin,"Consumer Electronics, FinTech, Hardware, Mobile, Payments"
Patreon,"Music, Sponsorship, Video"
Instacart,"Delivery, E-Commerce, Grocery, Same Day Delivery"
FSAstore.com,"E-Commerce, Medical, Shopping"
Edgybees,"Computer, Consumer, Software"
Barnes & Noble,"E-Commerce, Internet, Retail"
Essential,"Consumer Electronics, Mobile Devices, Smart Home"
Kong,"Cloud Computing, Cloud Data Services, Developer APIs, Developer Platform, Enterprise Software, Information Services"
CommonSense Robotics,"E-Commerce, Retail, Robotics, Supply Chain Management"
Ninjacart,"AgTech, B2B, Supply Chain Management"
Future Finance,"Education, Finance, Financial Exchanges, Financial Services"
Jamf,"iOS, macOS, Mobile Devices, Software"
Rocket Internet,"Developer Platform, Internet, Software"
Cabify,"Internet, Mobile, Ride Sharing, Transportation, Web Apps"
INRIX,"Analytics, Big Data, Internet of Things, Mobile Apps, Transportation"
Zenedge,"Cloud Computing, Cyber Security, Enterprise Software, Network Security"
Mixmax,"Email, Internet, SaaS, Software"
Foodpanda,"Delivery, Food Delivery, Internet, Mobile Apps"
Ping An,"Banking, Financial Services, Insurance"
Penske Media Corporation,"Digital Media, Journalism, Publishing"
Iterable,"Email Marketing, Enterprise Software, Internet, Marketing Automation, Mobile"
Zenefits,"Human Resources, SaaS, Software"
Dialpad,"Meeting Software, Mobile, Mobile Apps, Software, Telecommunications, Unified Communications, Web Development"
Dynamic Signal,"Content, Human Resources, Information Technology, Mobile Apps, SaaS, Social Media Marketing"
Peach,"Delivery, Food and Beverage, Restaurants"
xMatters,"Communications Infrastructure, Enterprise Software, IT Management"
Health IQ,"Biotechnology, Health Care, Life Insurance, Pharmaceutical"
Allscripts,"Enterprise Software, Health Care, Information Technology"
Glooko,"Analytics, Diabetes, Health Care, mHealth, Mobile Apps"
RigUp,"Energy, Marketplace, Software"
RedLock,"Cloud Data Services, Cyber Security, Network Security, Software"
Harry's,"E-Commerce, Fashion, Lifestyle, Price Comparison"
Wellthy Therapeutics Pvt Ltd,"Health Care, Hospital"
GetSwift,"Delivery, Productivity Tools, Real Time, Task Management"
Asana,"Collaboration, Enterprise Software, Mobile Apps, Task Management"
Voicera,"Artificial Intelligence, Collaboration, Virtual Assistant"
Kidaptive,"Big Data, EdTech, Education, Machine Learning, Personalization"
Pantheon,"Content, Enterprise Software, Web Development"
Adaptive Insights,"Analytics, Business Intelligence, Cloud Computing, Data Visualization, Enterprise Software, Finance, SaaS"
Vividion Therapeutics,"Biotechnology, Health Care, Therapeutics"
C2FO,"B2B, Enterprise Software, Marketplace, Payments"
Propel(X),"Finance, Financial Services, Funding Platform"
Angie's List,"Advertising, E-Commerce, Local"
SalesLoft,"B2B, Email, Internet, Lead Generation, SaaS, Sales Automation, Software"
Qualcomm,"Manufacturing, Mobile, Telecommunications, Wireless"
Eight,"Consumer Electronics, Health Care, Innovation Management"
nCino,"Banking, Document Management, Enterprise Software, Finance, FinTech"
"MapR Technologies, Inc.","Analytics, Big Data, Cloud Computing, Enterprise Software, Open Source, Software"
ForgeRock,"Cyber Security, Enterprise Software, Identity Management, Information Technology, Internet of Things, Privacy"
Thrive Global,"Apps, Corporate Training, E-Commerce, Fitness, Health Care, Media and Entertainment, Personal Health, Productivity Tools, Wellness"
Databricks,"Analytics, Enterprise Software, Open Source"
"Trizic, Inc.","Software, Wealth Management"
Havven,Banking
Intuit,"Accounting, Consumer, Financial Services, PaaS"
Anagog,"App Marketing, Artificial Intelligence, Automotive, Business Intelligence, Internet of Things, Location Based Services, Mobile, Mobile Apps, Navigation, Parking, Retail Technology, Transportation"
OpenX,"Advertising, Enterprise Software, Internet"
Global Eagle Entertainment,"Aerospace, Content, Information Services"
Seamless,"Delivery, E-Commerce, Internet, Local, Location Based Services, Mobile, Restaurants"
Virtualitics,"Augmented Reality, Data Visualization, Machine Learning, Natural Language Processing, Software, Virtual Reality"
Happay,"Financial Services, FinTech, SaaS, Software"
Duetto,"Big Data, Business Intelligence, Cloud Computing, Hospitality, News, Price Comparison, SaaS, Travel"
Nomad Health,"Health Care, Hospital, Marketplace, Recruiting"
Gigya,"Computer, Enterprise Software, Identity Management"
Herbalife Ltd,Health Care
Bitt,"Bitcoin, FinTech, Virtual Currency"
letgo,"Apps, E-Commerce, Internet, Marketplace, Shopping"
KFC,"Food and Beverage, Restaurants, Retail"
Cleveland Clinic,"Health Care, Hospital, Non Profit"
Payfone,"Call Center, Identity Management, Mobile, Software, Wireless"
Blueprint Income,"FinTech, InsurTech, Retirement"
Juniper Networks,"Communication Hardware, Infrastructure, Security"
AppDirect,"Apps, Enterprise Software, IaaS, Internet, PaaS, SaaS"
Tipalti,"Ad Network, Crowdsourcing, Digital Media, E-Commerce, ERP, FinTech, Marketplace, Payments, Sharing Economy"
WorldRemit,"Finance, Financial Services, Payments"
Nazara Technologies,"Gaming, Mobile, Mobile Apps, Video Games"
GitHub,"Cloud Computing, Developer Tools, Internet, Project Management, Software"
Egnyte,"Cloud Computing, Collaboration, Computer, Enterprise Software, File Sharing"
Meituan-Dianping,"Advertising, Apps, Guides, Information Services, Internet, Local Business"
Code.org,"Chemical Engineering, EdTech, Education, Non Profit, STEM Education"
Tunity,Apps
Affirm,"Consumer Lending, Financial Services, FinTech, Payments, Personal Finance"
Hortonworks,"Big Data, Enterprise Software, Software"
Pepperfry.com,"E-Commerce, Furniture, Shopping"
Faction,"IaaS, Information Services, Information Technology"
Chegg,"E-Commerce, Education, Higher Education, Textbook"
Outbrain,"Content Discovery, Content Marketing, Digital Marketing, Internet"
Zumper,"B2B, Property Management, Real Estate, Rental"
Colu,"Bitcoin, Blockchain, Cryptocurrency, Developer APIs, FinTech, Local Business, Local Shopping, Payments"
Airsorted,"Hospitality, Information Technology, Real Estate"
The Motley Fool,"Advertising, Consulting, Financial Services, Marketing, News, Publishing"
Mobileye,"Analytics, Automotive, Fleet Management, Transportation"
MobileIron,"Apps, Mobile, Mobile Apps, Mobile Devices, SaaS, Security"
Zylo,"Enterprise Software, SaaS"
WalkMe,"Analytics, Customer Service, Enterprise Software, Guides, Internet, Mobile, Product Design, Product Management, SaaS, UX Design"
Concur Technologies,"Cloud Management, Payments, Software, Tourism, Travel"
SwiftKey,"Android, Artificial Intelligence, iOS, Mobile, Software"
Artsy,"Art, Content Discovery, Internet"
Snap Inc.,"Apps, Messaging, Mobile, Photography"
Whispir,"Content Creators, SaaS, Software"
Volvo Cars Group,"Automotive, Mobile, Transportation"
Turo,"Car Sharing, Marketplace, Peer to Peer, Transportation"
SmartAsset,"Analytics, Finance, Personal Finance"
Meizu,"Android, Consumer Electronics, E-Commerce, Hardware, Mobile"
Getaround,"Car Sharing, Collaborative Consumption, Mobile, Transportation"
Datos IO,"Big Data, Cloud Computing, Cloud Data Services, Enterprise Software"
N26,"Banking, Finance, Financial Services, FinTech, Personal Finance, Product Design, Software, Software Engineering"
Myntra,"E-Commerce, Fashion, Internet, Shopping"
Valeant Pharmaceuticals International,"Biotechnology, Health Care, Medical, Pharmaceutical"
Stockpile,"Consumer Software, Financial Services, Gift Card, Retail"
Aurora Cannabis,Pharmaceutical
Haier,"Consumer Electronics, Electronics, Smart Home"
RingCentral,"Cloud Computing, Collaboration, Enterprise Software, Meeting Software, Messaging, Mobile, SaaS, VoIP"
NGD Systems,"Big Data, Cloud Storage, Computer, Data Storage, Flash Storage"
Sunrise,"Apps, Email, Events, Mobile"
Vectorious Medical Technologies,"Information Technology, Medical, Wireless"
Aurora,"Automotive, Autonomous Vehicles, Marine Transportation, Transportation"
Skilljar,"B2B, Enterprise Software, Internet, SaaS, Software, Training"
AppsFlyer,"Advertising, Analytics, Android, Apps, iOS, Marketing, Mobile"
Zagster,"Marketplace, Public Transportation, Transportation"
Spotahome,"Real Estate, Rental, Reservations"
China Unicom,"Mobile, Telecommunications, Wireless"
DecaWave,"Electronics, RFID, Semiconductor"
Nest Labs,"Manufacturing, Sensor, Smart Home"
Overtime,"Digital Media, Sports"
FreshBooks,"Accounting, Billing, FinTech, Payments, Small and Medium Businesses"
Tezos,"Blockchain, Computer, Security, Transaction Processing"
Afiniti,"Analytics, Artificial Intelligence, Big Data, Customer Service, Enterprise Software"
Moderna Therapeutics,"Biotechnology, Genetics, Health Care, Medical"
Personal Capital,"Finance, Financial Services, FinTech, Wealth Management"
Fasten,"Internet, Mobile Apps, Ride Sharing, Transportation"
Drover,"Automotive, Insurance, Marketplace, SaaS"
General Dynamics,"Aerospace, National Security, Public Transportation"
Current,"Finance, Financial Services, FinTech"
"TargetSpot, Inc.","Ad Network, Advertising, Digital Media, Music"
Interior Define,"E-Commerce, Furniture"
Club Factory,
TELUS,"Analytics, Internet, Mobile, Wireless"
WayRay,"Augmented Reality, Automotive, Consumer Electronics, Electronics, Navigation"
Smartcar,"Apps, Automotive, Software"
Nokia,"Enterprise Software, Mobile, Telecommunications"
Qualia,"Enterprise Software, Real Estate"
Credit Suisse,"Banking, Financial Services, Wealth Management"
Rappi,"Food Delivery, Grocery, Marketplace, Restaurants"
Upskill (formerly APX Labs),"Augmented Reality, Internet of Things, Software, Wearables"
Senic,"Hardware, Internet of Things, Software"
DraftKings,"Fantasy Sports, Online Games, Sports"
Signal Foundation,"Apps, Cyber Security, Messaging, Mobile Apps, Open Source"
Memphis Meats,"Food and Beverage, Food Processing, Organic Food"
Comcast,"Social Media, Video, Web Hosting"
SeedInvest,"Association, Crowdfunding, Funding Platform, Venture Capital"
Honest Buildings,"Commercial Real Estate, Construction"
Boxed,"Apps, E-Commerce, Grocery, Mobile, Shopping, Software, Wholesale"
IndusInd Bank,"Banking, Financial Services, FinTech"
Donuts,"Domain Registrar, Enterprise Software, Information Technology, Internet, Web Browsers"
Seeking Alpha,"Finance, Professional Services, Stock Exchanges"
Veem,"Bitcoin, FinTech, Information Technology, Payments"
Luminoso,"Advertising, Artificial Intelligence, Machine Learning"
Actifio,"Enterprise Software, Information Services, Information Technology, Virtualization"
DuPont,"Advanced Materials, Agriculture, Innovation Management"
PROCEPT BioRobotics,"Biotechnology, Medical Device, Robotics"
CreditEase,"Consulting, Finance, Financial Services, Wealth Management"
Octiv,"CRM, Delivery, Document Management, Enterprise Software, Media and Entertainment, SaaS, Sales Automation, Software"
Quikr,"Classifieds, Internet, Rental Property"
Yammer,"Collaboration, Enterprise Software, Messaging, Social Network"
WePay,"E-Commerce, Financial Services, Risk Management, SaaS"
Shipt,"Delivery, E-Commerce, Grocery, Same Day Delivery"
Future Mobility,"Autonomous Vehicles, Electric Vehicle, Manufacturing"
Vonage,"Messaging, Mobile, Telecommunications"
Hulu,"Content, Film, TV, Video"
Reonomy,"Analytics, Commercial Real Estate, Real Estate"
Medopad,"Apps, Artificial Intelligence, Big Data, Enterprise Software, Internet of Things, mHealth, Mobile"
Prelude Fertility,"Health Care, Hospitality, Women's"
Evergage,"A/B Testing, Analytics, Big Data, E-Commerce, Personalization, SaaS, Software"
Nitro,"Collaboration, SaaS, Software"
TuneIn,"Internet Radio, Mobile, Music, News"
Booker,"Association, E-Commerce, Enterprise Software, Mobile, SaaS, Web Development"
Netsparker,"Security, Software, Web Apps"
First Solar,"Clean Energy, Manufacturing, Solar"
Nextdoor,"Communities, GovTech, Internet, Privacy, Private Social Networking, Social Media"
Influential,"Advertising, Artificial Intelligence, Content, Information Technology, Marketing"
Coinsquare,"Bitcoin, Financial Services, FinTech, Trading Platform"
Dashlane,"Cloud Computing, Identity Management, Payments, Privacy, Security, Software"
Kaiser Permanente,"Biotechnology, Health Diagnostics"
EVERFI,"EdTech, Education, Internet"
ContentSquare,"E-Commerce, Internet, SaaS, Web Design"
Technology Will Save Us,"EdTech, Education, Information Technology"
Mixpanel,"Analytics, Mobile, SaaS, Web Browsers"
Welltok,"Fitness, Health Care, SaaS, Wellness"
Kallyope,"Biotechnology, Medical, Pharmaceutical"
Outdoorsy,"Internet, Marketplace, Peer to Peer"
XebiaLabs,"Developer Tools, Enterprise Software, Software"
Wildflower Health,"Fitness, Health Care, Mobile"
Sigma,"Collaboration, Digital Media, Employee Benefits"
Relayr,"Industrial Manufacturing, Internet of Things, Manufacturing, Smart Building, Software"
Feedzai,"Analytics, Big Data, FinTech, Information Technology, Risk Management"
BevyUp,"Cloud Computing, Customer Service, E-Commerce, Retail Technology"
GroundTruth,"Advertising, Marketing, Mobile, Mobile Apps"
Morphisec,"Cyber Security, Enterprise Software, Network Security"
Charter Communications,"Internet, Telecommunications, Video"
Soho,"Property Development, Property Management, Real Estate"
Agent IQ,"Artificial Intelligence, Customer Service, Enterprise Software, Information Services, Information Technology, Machine Learning"
Totango,"Analytics, Customer Service, SaaS, Subscription Service"
Petrobras,"Energy, Energy Efficiency, Oil and Gas"
Warby Parker,"E-Commerce, Fashion, Retail"
Huami,"Fitness, Health Care, Internet of Things, Lifestyle, Wearables, Wellness"
RetailMeNot,"Advertising, Coupons, E-Commerce, Marketplace, Retail"
Aryaka Networks,"Cloud Computing, Enterprise Software, SaaS"
Domo,"Business Intelligence, Enterprise Software, SaaS, Software, Web Development"
TactoTek,"3D Technology, Automotive, Electronics, Internet of Things, Lighting, Product Design"
Teamworks,"Information Services, Information Technology, Sports, Training"
Apptio,"Enterprise Software, Information Technology, SaaS"
tZero,"Blockchain, Financial Services, FinTech"
ThoughtSpot,"Analytics, Big Data, Business Intelligence, Enterprise Software"
New Relic,"Analytics, Application Performance Management, Cloud Computing, IT Infrastructure, Mobile, SaaS, Software"
SugarCRM,"Cloud Computing, CRM, Enterprise Software, Lead Management, Software"
Kujiale,"Home Decor, Interior Design, Internet"
SentinelOne,"Computer, Cyber Security, Network Security, Security"
littleBits Electronics,"Electronics, Hardware, Manufacturing, Open Source, Robotics"
Glossier,"Beauty, Fashion, Health Care"
Collibra,"Enterprise Software, Infrastructure, SaaS"
Signal,"Advertising, Cloud Computing, Enterprise Software, Marketing, Project Management"
Citigroup,"Banking, Credit Cards, Financial Services, Wealth Management"
ViewRay,"Biotechnology, Health Care, Pharmaceutical"
Walker & Dunlop,"Commercial Real Estate, Finance, Financial Services, Real Estate, Real Estate Investment"
GenWorth,"Finance, FinTech"
LimeBike,"Internet of Things, Mobile Apps, Ride Sharing, Transportation"
Brigade,"Internet, Politics, Social Media"
Marketing Evolution,"Analytics, Marketing, SaaS"
Updater,"Internet, Real Estate, SaaS, Software"
MapD,"Analytics, Big Data, Data Visualization"
Vuzix,"Augmented Reality, Consumer Electronics, Eyewear, Mobile"
KKday,"Information Services, Leisure, Tourism, Travel"
Zebra Technologies,"Computer, Enterprise Software, Hardware"
Trustly Group AB,"E-Commerce, Finance, FinTech, Internet, Payments, Privacy, Security, Social Media"
HoloBuilder,"3D Technology, Architecture, Artificial Intelligence, Augmented Reality, Building Maintenance, Civil Engineering, Commercial Real Estate, Construction, Enterprise Software, Industrial Engineering, Project Management, SaaS, Smart Building, Software, Software Engineering, Virtual Reality"
AlienVault,"Cloud Computing, Developer APIs, Information Technology, Network Security, Open Source, Security"
Teladoc,"Health Care, Hospital, mHealth"
SoftBank,"Finance, Internet, Mobile, Telecommunications"
Ellevest,"Financial Services, Impact Investing, Women's"
Gusto,"Employee Benefits, Enterprise Software, Financial Services, FinTech, Human Resources, Personal Finance"
Topgolf Entertainment Group,"Golf, Media and Entertainment"
Dwolla,"Accounting, Banking, Developer APIs, Financial Services, FinTech, Mobile Payments, Payments"
AT&T,"Mobile, Service Industry, Telecommunications, Wireless"
Acer,"Computer, Consumer Electronics, Hardware, ICT"
Telefonica,"Internet, Public Relations, Telecommunications, TV"
Massdrop,"Communities, E-Commerce, Shopping"
The Carlyle Group,"Aerospace, Financial Services, Health Care"
Zoosk,"Apps, Dating, Social Media"
Aye Finance,"Finance, Financial Services, Small and Medium Businesses"
Monzo,"Banking, Finance, FinTech"
Cornerstone OnDemand,"E-Learning, Enterprise Software, SaaS, Social Network"
Scout Exchange,Software
Scribd,"EBooks, File Sharing, News, Publishing, Social Media, Subscription Service"
Amino Payments,
Udaan,Business Development
Moltin,"E-Commerce, PaaS, SaaS"
Deezer,"Apps, Music, Music Streaming, Web Development"
TrueCar,"Automotive, Mobile Apps, Public Transportation"
Carousell,"Consumer, iOS, Mobile"
LiveTiles,Information Technology
Nuro,"Electronics, Information Technology, Manufacturing, Robotics"
Next Insurance,"Commercial Insurance, Finance, Insurance, InsurTech, Small and Medium Businesses"
Walmart,"E-Commerce, Retail, Retail Technology"
Microsoft,"Cloud Computing, Collaboration, Consumer Electronics, Developer Tools, Enterprise Software, Operating Systems"
Curatio Healthcare,"Health Care, Medical, Mobile"
Ledger,"Bitcoin, Blockchain, Cryptocurrency, Cyber Security"
Chehaoduo,"Automotive, E-Commerce, Trading Platform"
Tokenize Inc.,"Consumer Electronics, Hardware, Security"
McLarens,"Insurance, Risk Management, Service Industry"
LendUp,"Finance, FinTech, Lending"
Flipboard,"Media and Entertainment, News, Social"
Vacasa,"Tourism, Travel, Vacation Rental"
Tradeshift,"B2B, Enterprise Software, Financial Services, FinTech, Procurement, Transaction Processing"
Proterra,"Battery, Energy Storage, Public Transportation, Renewable Energy"
Bluecore,"Advertising, Brand Marketing, Email Marketing, Marketing Automation, Software"
Figma,"Information Technology, Innovation Management, Internet"
Momo,"Location Based Services, Mobile Apps, SNS"
Seedrs,"Crowdfunding, Finance, Funding Platform, Venture Capital"
Beats Electronics,"Consumer Electronics, Hardware, Manufacturing, Media and Entertainment, Music, Software"
PAX Labs,"Consumer Electronics, Fitness, Manufacturing"
Pendo,"Analytics, Apps, Enterprise Software, Guides, Mobile, Product Design, Product Management, SaaS, UX Design"
Ping Identity Corporation,"FinTech, Government, Identity Management, Security"
Evelo Biosciences,"Biotechnology, Medical, Therapeutics"
Ablynx,"Biopharma, Biotechnology, Pharmaceutical"
LE TOTE,"Consumer, E-Commerce, Fashion"
Prophesee,"Artificial Intelligence, Automotive, Autonomous Vehicles, Drones, Internet of Things, Robotics, Sensor"
Ping An Good Doctor,"Consulting, Health Care, Medical Device"
Affirmed Networks,"Mobile, Mobile Devices, Wireless"
Guardant Health,"Biotechnology, Health Care, Health Diagnostics"
PurpleBricks,"Home Decor, Marketing Automation, Real Estate"
NerdWallet,"Advice, Consumer, Internet, Personal Finance"
Doodhwala,"Food Delivery, Organic, Organic Food"
ChaCha,"Advertising, Marketing, Search Engine"
Ancient Nutrition,"Dietary Supplements, Nutrition, Personal Health"
Enigma,"Big Data, Compliance, GovTech, Open Source"
Lookout,"Cloud Security, Cyber Security, Enterprise Software, Mobile, Network Security, Security"
The Black Tux,"Fashion, Internet, Rental"
Badi,"Mobile, Real Estate, Social Network"
Tinyclues,"Analytics, Artificial Intelligence, Big Data, CRM"
App.io,"Android, Customer Service, Enterprise Software, Internet, Mobile, SaaS"
Kreditech Holding,"Banking, Big Data, Finance, Financial Services, FinTech, Lending, Personal Finance"
Automattic,"Blogging Platforms, Content, Internet"
Crowdcube,"Crowdfunding, Finance, FinTech, Funding Platform, Venture Capital"
SpotHero,"Consumer, Mobile Apps, Transportation"
Imply,"Analytics, Data Visualization, Open Source"
Takeaway.com,"Delivery, Food Delivery, Internet"
Yogome,"Developer Tools, Gaming, Recycling"
Casper,"E-Commerce, Hardware, Lifestyle, Retail"
Symphony,"Information Services, Information Technology, Messaging, Software"
Safeguard Scientifics,"Finance, Health Care, Venture Capital"
zulily,"Delivery, E-Commerce, Retail"
Exabeam,"Cyber Security, Information Technology, Security"
Capitolis,"Banking, Collaboration, Finance, Financial Services"
Cumulus Networks,"Cloud Computing, Linux, Web Hosting"
Kareo,"Cloud Computing, Health Care, Information Technology, Medical, Software"
HotelTonight,"Hospitality, Mobile, Travel"
Small Giant Games,"Mobile, PC Games, Video Games"
iZettle,"Financial Services, FinTech, Mobile Payments, Point of Sale, Software"
MedMen,"Asset Management, Finance, Marijuana, Service Industry"
Rivigo,"Automotive, Logistics, Transportation"
PieSync,"Apps, Cloud Computing, Data Integration, SaaS, Small and Medium Businesses"
Hipmunk,"Mobile Apps, Online Portals, Travel"
JD Logistics,"Logistics, Transportation"
Team Labs (Teampay),"FinTech, SaaS, Software"
Illumio,"Cloud Security, Cyber Security, Data Center, Enterprise Software, Security"
American Well,"Biotechnology, Health Care, Information Technology"
Lumi,"E-Commerce, Fashion, Graphic Design, Manufacturing, Packaging Services, Printing, Supply Chain Management"
WuXi AppTec,"Biotechnology, Health Care, Medical Device, Pharmaceutical"
Mist Systems,"IT Infrastructure, Wireless"
Lenskart.com,"E-Commerce, Eyewear, Shopping"
Anomali,"Analytics, Cyber Security, Network Security, Open Source, Security"
Skyscanner,"Internet, Service Industry, Transportation, Travel"
Coffee Meets Bagel,"Apps, Dating, Mobile"
Eden,"Commercial Real Estate, Facilities Support Services, Marketplace, Office Administration, Real Estate, SaaS"
Bitstamp,"Bitcoin, FinTech, Marketplace"
The Honest Company,"Dietary Supplements, E-Commerce, Lifestyle"
PlanGrid,"Android, Building Maintenance, Collaboration, Construction, Green Building, iOS, Mobile"
PagerDuty,"Cloud Computing, Information Technology, IT Management, SaaS"
GO-JEK,"Apps, Delivery, Food Processing, Logistics, Payments, Same Day Delivery, Transportation"
Intercom,"Apps, CRM, Customer Service, Marketing Automation, Messaging, Mobile, SaaS, Software"
The Zebra,"Auto Insurance, Automotive, Insurance, Price Comparison, Search Engine"
Splice,"Collaboration, Media and Entertainment, Music"
Rubicon Global,"Cloud Computing, Sustainability, Waste Management"
3D Robotics,"Drones, Robotics, SaaS"
Vroom,"Automotive, Customer Service, E-Commerce, FinTech"
Indochino,"E-Commerce, Fashion, Retail"
Homesnap,"Analytics, Apps, Finance, Real Estate"
UiPath,"Data Center Automation, Enterprise Software, Robotics"
Rigetti Computing,"Artificial Intelligence, Big Data, Hardware, Software"
Silver Peak,"Cloud Infrastructure, Infrastructure, Network Hardware, Software, Virtualization"
GeoSpock Ltd.,"Database, Geospatial, Information Services, Real Time, SaaS"
Talend,"Big Data, Data Integration, Enterprise Software, Software"
"Nauto, Inc.","Automotive, Autonomous Vehicles, Information Services, Mobile, Robotics"
Poka Inc.,"Industrial, Manufacturing, Training"
ServiceTitan,"Home Services, SaaS, Software"
Sunrun,"Clean Energy, Renewable Energy, Solar"
Anodot,"Analytics, Big Data, Business Intelligence, Machine Learning"
Andela,"Recruiting, Software, Training"
"Neo4j, Inc.  (formerly Neo Technology)","Analytics, Big Data, Database, Enterprise Software"
Payoneer,"B2B, E-Commerce, Finance, FinTech, Internet, Mobile, Payments"
Blue Apron,"Delivery, E-Commerce, Food and Beverage"
BrowserStack,"Developer Platform, Mobile, SaaS"
Localytics,"Analytics, Computer, Mobile, Software"
Acquia,"Computer, Content, Enterprise Software, Open Source"
Youku,"Broadcasting, Photography, Video"
Infibeam,"Automotive, E-Commerce, Electronics, Mobile"
8x8 Inc,"SaaS, Telecommunications, Video Conferencing, VoIP"
Bitdefender,"Cloud Security, Cyber Security, Network Security, Software"
Gate Labs,"Delivery, Home Services, Internet of Things"
Roivant Sciences,"Biopharma, Health Care, Pharmaceutical"
Boughtbymany,"Finance, FinTech, Insurance"
Viptela,"Infrastructure, Network Hardware, Virtualization"
Wipro Technologies,"Cloud Data Services, Consulting, Enterprise Software, Health Care, Information Services, Information Technology, Mobile, Outsourcing"
Storj Labs,"Blockchain, Cloud Data Services, Cloud Infrastructure, Collaborative Consumption"
Kobalt,"Independent Music, Marketing, Music"
Tantan,"Dating, Mobile, Mobile Apps"
BookMyShow,"Digital Entertainment, Media and Entertainment, Online Auctions, Ticketing"
HeartFlow,"Biotechnology, Health Diagnostics, Medical"
Ooyala,"Analytics, Cloud Data Services, Mobile, Video, Video Streaming"
M-KOPA,"Energy, Financial Services, Mobile"
Bowery,"Commercial Real Estate, Real Estate, Software"
Benevity,"Information Technology, SaaS, Software"
Privateaser,"Food and Beverage, Online Portals, Restaurants"
WuXi NextCODE,"Big Data, Biotechnology, Genetics, Health Care, Health Diagnostics"
Owlstone Medical,Medical Device
Grovo,"EdTech, Education, Enterprise Software, Human Resources, SaaS, Training"
Hello Alfred,"Grocery, Home Services, Smart Home"
Victorious,"Content Creators, Internet, Software, Video"
Addepar,"Finance, FinTech, SaaS"
Houseparty,"Internet, Mobile, Video, Video Chat"
Carbon Lighthouse,"Energy, Energy Efficiency"
Qubole,"Analytics, Big Data, Enterprise Software"
Menlo Security,"Cyber Security, Network Security, Security"
Bancor,"Cryptocurrency, FinTech"
Kymeta,"Aerospace, Hardware, Mobile, Satellite Communication, Software"
Tandem Diabetes Care,"Diabetes, Health Care, Medical Device"
PawnGuru.com,"Enterprise Software, FinTech, Marketplace"
Jana,"Apps, Internet, Mobile"
mabl,"Developer Tools, Machine Learning, Software"
Corindus,"Manufacturing, Medical Device, Robotics"
BetterWorks,"Enterprise Software, Human Resources, Information Technology, SaaS"
FanAI Inc.,"eSports, Fantasy Sports, Social Media"
Away,"Consumer, E-Commerce, Manufacturing, Travel"
Cyteir Therapeutics,"Biopharma, Biotechnology, Pharmaceutical"
Univision Communications,"Broadcasting, Communities, Digital Media, Media and Entertainment, News, Publishing, Social News, TV Production"
Redis Labs,"Big Data, Cloud Data Services, Enterprise Software, Open Source"
Particle,"Consumer Electronics, Hardware, Information Services, Internet of Things, Software"
Power Ledger,"Consumer Software, Renewable Energy, Software"
Brainly,"E-Learning, EdTech, Education, Internet, Social Network"
Magnit,"Consumer Goods, Food and Beverage, Retail"
Faraday Future,"Automotive, Content, Electric Vehicle"
Humacyte,"Biotechnology, Medical, Medical Device"
Mezi,"Apps, Artificial Intelligence, Mobile, Travel, Virtual Assistant"
Withings,"Consumer Electronics, Hardware, Health Care, Software"
Argo AI,"Artificial Intelligence, Autonomous Vehicles, Robotics"
Florence,"Health Care, Marketplace, Nursing and Residential Care"
Avast,"Computer, Security, Software, Software Engineering"
Duco,"Big Data, Computer, Outsourcing, SaaS, Software"
Zimperium,"Apps, Enterprise Software, Machine Learning, Mobile, Network Security, Security"
Taulia,"Enterprise Software, FinTech, Hardware, SaaS, Software"
Senti Biosciences,"Biotechnology, Health Care, Medical"
Chobani,"Food and Beverage, Food Processing, Manufacturing"
Capcom,"Electronics, Manufacturing, Software, Video Games"
Pray.com,"Communities, Private Social Networking, Religion"
Unacast,"Advertising Platforms, Big Data, Internet of Things, Location Based Services, Mobile Advertising, Sensor"
BlaBlaCar,"Car Sharing, Collaborative Consumption, Ride Sharing, Transportation, Travel"
Tile,"Consumer Electronics, Internet of Things, Mobile"
Xeris Pharmaceuticals,"Biotechnology, Health Care, Pharmaceutical"
Showpad,"Analytics, Content, Content Marketing, Enterprise Software, Mobile, SaaS, Sales"
Distil Networks,"Content, Information Technology, Security, Web Hosting"
Cedexis,"Cloud Computing, Content Delivery Network, Enterprise Software, Internet"
AWAL,"Digital Media, Logistics, Marketing, Music"
Anyfin,"Consumer Lending, Credit, Finance, Financial Services, FinTech, Lending"
ZO Rooms,"Hospitality, Leisure, Travel"
Meraki,"Cloud Computing, Network Security, Wireless"
Integral Ad Science,"Advertising, Analytics, Big Data, Digital Media, Internet"
Kuaishou,"Mobile Apps, Photo Sharing, Photography"
Waze,"Mobile Apps, Navigation, Transportation"
Clarizen,"Cloud Computing, Collaboration, Enterprise Software, Project Management, SaaS"
Seneca Systems,"Government, GovTech, Software"
Peel,"Consumer Electronics, Content Discovery, Digital Entertainment, Media and Entertainment, Mobile, Software"
Shape Security,"Cyber Security, Network Security, Security"
"DailyPay, Inc.","Employee Benefits, Financial Services, FinTech"
Loopio,"Knowledge Management, Sales Automation, Software"
Turn,"Advertising, Enterprise Software, Marketing"
Okta,"Enterprise, Enterprise Software, Identity Management, Security"
Gimlet Media,"Audio, Digital Media, Media and Entertainment, News, Podcast, Social Media, Video"
Cotopaxi,"Consumer Goods, E-Commerce, Outdoors, Product Design"
BRICKX,"Financial Services, FinTech, Marketplace, Real Estate"
SaltStack,"Apps, Automotive, Cloud Management, Enterprise Software, Infrastructure, Open Source"
Eko Devices,"Health Care, Machine Learning, mHealth, Mobile"
Health Catalyst,"Analytics, Computer, Enterprise Software, Health Care, Information Technology, Software"
Reputation.com,"Enterprise Software, Internet, Reputation, SaaS, Social Media"
ooma,"Mobile, Software, Telecommunications, VoIP"
Sears Holdings Corporation,"Enterprise Software, Retail, Shopping"
Jiffy,"Home Improvement, Home Renovation, Home Services"
TechCrunch,"Digital Media, Events, Internet, News"
GumGum,"Advertising, Advertising Platforms, Analytics, Artificial Intelligence, Brand Marketing, Computer Vision, Digital Media, Image Recognition, Sports"
Google,"Ad Network, Blogging Platforms, Collaboration, Email, Enterprise Software, Information Technology, Search Engine, Video Streaming"
Magic,"Apps, Artificial Intelligence, B2B, Customer Service, Messaging, Mobile, Outsourcing, Task Management, Virtual Assistant"
Riot Games,"Computer, Developer Platform, PC Games, Video Games"
Netsil,Software
InnovAccer,"Analytics, Big Data, Machine Learning"
Coocaa,
BYJUS,"EdTech, Education, Higher Education, Secondary Education"
TrackR,"Android, Developer Tools, Hardware, Insurance, Internet of Things, iOS, Mobile"
"August Home, Inc.","Consumer Electronics, Internet of Things, Smart Home"
Featurespace,"Banking, FinTech, Fraud Detection, Payments, Software"
Konga Online Shopping Limited,"E-Commerce, Grocery, Internet, Mobile, Shopping"
Imanis Data ,"Big Data, Data Storage, Database, Software"
Huawei Technologies,"Mobile, Security, Web Hosting, Wireless"
Elysium Health,"Biotechnology, Health Care, Personal Health"
Practice Fusion,"Electronics, Health Care, Medical"
Zwift,"Content, Cycling, Fitness, Internet, Video Games"
Foundation Medicine,"Biotechnology, Genetics, Health Care, Medical"
Aphria,"Alternative Medicine, Medical, Pharmaceutical"
RiskIQ,"Cyber Security, Enterprise Software, Internet, Mobile, Reputation, Security"
Secret,"Apps, Internet, Social Media"
Gazprom,"Business Intelligence, Energy, Energy Efficiency"
Ripple Foods,"Food and Beverage, Food Processing, Sustainability"
Myer,"E-Commerce, Fashion, Wearables"
WebPT,"Computer, Information Technology, Software"
YourStory,"Internet, News, Public Relations, Publishing"
Convoy,"Logistics, Marketplace, Service Industry, Transportation, Virtual Goods"
Avant,"Consumer Lending, Finance, Financial Services, FinTech, Lending"
Rani Therapeutics,"Biotechnology, Pharmaceutical, Therapeutics"
Chef,"Cloud Computing, Information Technology, Infrastructure, Software"
Instructure,"Cloud Management, EdTech, Education, Enterprise Software"
MinerEye,"Artificial Intelligence, Compliance, Cyber Security, Security"
Sensor Tower,"Analytics, Android, Big Data, iOS, Market Research, Mobile, Mobile Apps"
Ayla Networks,"Internet of Things, Manufacturing, Software"
Tintri,"Cloud Computing, Cloud Data Services, Data Center, Enterprise Software, Flash Storage, Hardware, Virtualization"
Jumio,"Identity Management, Mobile Apps, Payments, SaaS, Software"
Indiegogo,"Crowdfunding, Finance, FinTech, Funding Platform, Hedge Funds"
Bench,"Accounting, Enterprise Software, Finance, SaaS, Small and Medium Businesses"
Talkspace,"Consulting, Health Care, Therapeutics"
Apigee,"Cloud Data Services, Enterprise Software, Information Technology"
Cloud9,"eSports, Sports"
Foxtrot,"Delivery, E-Commerce, Wine And Spirits"
Privateer Holdings,"Finance, Financial Services, Venture Capital"
Change.org,"CivicTech, Internet, Non Profit"
 onXmaps,"GPS, Information Services, Information Technology, Mobile Apps"
CleverTap,"Analytics, Mobile, SaaS"
Doximity,"Health Care, Internet, Mobile Apps, Software"
Ritual,"Coffee, Food and Beverage, Mobile"
OB1,"Bitcoin, Cryptocurrency, E-Commerce, Trading Platform"
GetYourGuide,"Internet, Tourism, Travel"
Influenster,"Advertising, Market Research, Social Media"
Guild Education,"Career Planning, Education, Employee Benefits"
Dynamic Yield,"Advertising, Collaboration, Enterprise Software, Marketing Automation, Messaging, Personalization, Predictive Analytics, Publishing, Retail Technology"
Urban Airship,"Analytics, Information Technology, Messaging, Mobile"
"Phunware, Inc.","Android, Apps, iOS, Mobile, Mobile Advertising"
Cato Networks,"Cloud Computing, Mobile, Network Security"
Zopa,"Finance, FinTech, Lending, Marketplace, Peer to Peer"
Upgrade,"Credit, Financial Services, FinTech, Lending"
Tovala,"Cooking, Delivery, Food and Beverage"
INFINIDAT,"Big Data, Cloud Infrastructure, Data Center, Information Technology"
SnapLogic,"Cloud Computing, Cloud Data Services, Data Integration, Enterprise Software, Internet, SaaS"
ZipRecruiter,"Employment, Mobile Apps, Recruiting, SaaS"
Skurt,"Automotive, Internet, Rental, Transportation"
Bazaarvoice,"Content, E-Commerce, SaaS, Social Media"
Turing Pharmaceuticals,"Biopharma, Biotechnology, Medical"
Riskified,"E-Commerce, FinTech, Fraud Detection, Machine Learning, Risk Management"
Skillshare,"E-Commerce, E-Learning, EdTech, Education"
Conga,"Cloud Computing, Enterprise Software, Information Technology"
Drive.ai,"Artificial Intelligence, Automotive, Autonomous Vehicles, Machine Learning, Robotics, Software"
Outcome Health,"Advertising Platforms, Broadcasting, Content, Digital Media, Health Care, Information Technology, Publishing"
Modernizing Medicine,"Health Care, Information Technology, Software"
Invitae,"Biotechnology, Genetics, Health Care"
ZiffyHomes,Real Estate
MetricStream,"Enterprise, Enterprise Software, Risk Management"
Virtru,"Information Technology, Security, Software"
Amplitude,"Analytics, Big Data, Mobile, Product Management, SaaS"
Wayfair,"E-Commerce, Furniture, Home Decor, Retail"
ParkBee,"Information Technology, Parking, Rental Property"
Ocado Group,"Grocery, Online Portals, Retail"
Figo Pet Insurance,"Information Technology, Insurance, Pet"
Acumatica,"Cloud Computing, CRM, Developer Tools, Enterprise Software, SaaS, Software"
MedGenome Inc.,"Biotechnology, Genetics, Health Care, Medical"
Partners Group,"Finance, Financial Services, Venture Capital"
PropertyGuru,"E-Commerce, Online Portals, Real Estate"
AirMap,"Aerospace, Autonomous Vehicles, Big Data, Drones, Navigation, Robotics"
Meitu,"iOS, Mobile, Social Media"
Microchip Technology,"Automotive, Semiconductor, Wireless"
Livelike,"Broadcasting, Mobile Apps, Software, Sports, Virtual Reality"
Radius,"Analytics, Business Intelligence, Marketing Automation, Predictive Analytics"
otonomo,"Automotive, Autonomous Vehicles, SaaS, Software, Transportation"
Valimail,"Cyber Security, Email, Internet"
Pivotal,"Big Data, Cloud Computing, Enterprise Software, PaaS, Software"
ELSE Corp,"3D Printing, 3D Technology, Cloud Computing, ERP, Fashion, Internet of Things, Retail Technology, SaaS"
Tricida,"Biotechnology, Health Care, Pharmaceutical"
CloudHealth Technologies,"Analytics, Cloud Data Services, Cloud Management, Information Services, Software"
Jscrambler,"Cyber Security, Security, Web Apps, Web Development"
Leap Motion,"Augmented Reality, Hardware, Software"
T2 Biosystems,"Biotechnology, Health Care, Health Diagnostics"
Sift Science,"Big Data, E-Commerce, FinTech, Fraud Detection, Machine Learning, Security"
Republic Protocol ,"Bitcoin, Cryptocurrency, Ethereum, Internet"
bitFlyer,"Bitcoin, Crowdfunding, E-Commerce, FinTech"
Xamarin,"Android, Developer Tools, iOS, Mobile, Software, Test and Measurement"
Dataiku,"Analytics, Big Data, Data Integration, Enterprise Software, Machine Learning"
Chrono24,"E-Commerce, Fashion, Lifestyle"
VMware,"Cloud Infrastructure, Cloud Management, Enterprise Software"
Bankera,"Banking, Financial Services, Payments"
Bromium,"Computer, Cyber Security, Enterprise, Security, Software"
uBiome,"Health Care, Machine Learning, Quantified Self"
"Procore Technologies, Inc.","Construction, Project Management, SaaS, Software"
Bonanza,"Art, Beauty, Collectibles, E-Commerce, Fashion, Lifestyle, Marketplace, Shopping"
Knotel,"Coworking, Events, Real Estate"
Paro,"Accounting, Finance, Financial Services"
Clover Health,"Health Care, Health Insurance, Hospital"
KLOOK,"Big Data, Internet, Lifestyle, Tourism, Travel"
WeddingWire,"Events, Internet, Wedding"
Drawbridge Inc.,"Analytics, Artificial Intelligence, Big Data, Digital Marketing, Identity Management, Machine Learning, Mobile, Personalization, SaaS"
Fractal Analytics,"Analytics, Artificial Intelligence, Big Data, Business Intelligence, Consulting, Machine Learning"
Roku,"Advertising Platforms, Consumer Electronics, Digital Entertainment, Hardware"
3D Systems,"3D Printing, 3D Technology, Industrial Engineering, Mechanical Engineering"
Ezetap,"Mobile, Payments, Point of Sale, Software"
FleetUp,"Fleet Management, Information Services, Information Technology"
Claire,"Artificial Intelligence, Enterprise Software, Retail"
Vaultive,"Cloud Data Services, Enterprise Software, Security"
Pindrop,"Audio, Cloud Computing, Fraud Detection, Mobile, Risk Management, Security"
Grand Rounds,"Enterprise Software, Health Care, Health Diagnostics, Medical"
JDA Software,"Retail, Software, Supply Chain Management, Wholesale"
Movable Ink,"Content Marketing, Email Marketing, Personalization, Real Time, SaaS"
O3b Networks,"Enterprise Software, Telecommunications, Wireless"
"Inscripta, Inc",Biotechnology
Change Healthcare,"Education, Health Care, Information Technology"
Actility,"Energy Management, Internet of Things, Telecommunications"
JetSmarter,"Internet, Logistics, Transportation, Travel"
Quotient Technology,"Advertising, Coupons"
